author_id,name,country,birth_year
1,Kiri Larsen,IN,1927
2,Maya Xu,ES,1927
3,Zara Nakamura,CA,1959
4,Luca Ferreira,NL,1957
5,Alice Hassan,CL,1980
6,Pablo Kowalski,GB,1936
7,Ben Larsen,GB,1993
8,Daniel Ueda,BR,1960
9,Victor Xu,AR,1952
10,Sven Chen,IT,1930
11,Dania Brooks,US,1950
12,Xiomara Vargas,US,1997
13,Bianca Rossi,JP,1978
14,Pablo Nakamura,AR,1995
15,Victor Petrov,CL,1933
16,Quincy Xu,AR,1984
17,Wei Tanaka,CA,1972
18,Bianca Ivanov,DE,1994
19,Dania Xu,ES,1943
20,Cyrus Ferreira,JP,1939
21,Rosa Tanaka,AR,1990
22,Dania Jensen,,1971
23,Zara Ueda,,1974
24,Jonas Yamamoto,MX,1987
25,Carla Moreno,FR,1961
26,Olga Moreno,BR,1989
27,Cyrus Silva,DE,1966
28,Pablo Ivanov,AR,1976
29,Cyrus Nakamura,CL,1966
30,Pablo Gupta,IN,1972
31,Xiomara Petrov,CA,1951
32,Luca Wagner,KR,1926
33,Carla Petrov,ES,1954
34,Bianca Brooks,ES,1993
35,Xiomara Zhang,DE,1996
36,Farid Vargas,BR,1965
37,Arturo Jensen,MX,1929
38,Bianca Zhang,ES,1929
39,Victor Brooks,BR,1966
40,Ines Vargas,KR,1938
41,Yusuf Ivanov,DE,1960
42,Jonas Chen,NL,1965
43,Dania Hassan,PL,1993
44,Sven Hassan,FR,1953
45,Luca Davidson,GB,1993
46,Zara Tanaka,SE,1981
47,Yusuf Alvarez,NL,1967
48,Greta Silva,ES,1963
49,Farid Espinoza,MX,1930
50,Pablo Petrov,,1936
51,Ines Tanaka,PL,1933
52,Victor Davidson,CL,1993
53,Greta Rossi,JP,1931
54,Zara Moreno,CA,1983
55,Zara Xu,FR,1920
56,Wei Yamamoto,AU,1988
57,Uma Ueda,NL,1972
58,Farid Espinoza,ES,1966
59,Alice Quiroga,JP,1939
60,Yusuf Kowalski,CA,1963
61,Rosa Tanaka,DE,1974
62,Fatima Silva,ES,1968
63,Pablo Alvarez,JP,1988
64,Elena Rossi,FR,1925
65,Olga Hassan,SE,1994
66,Cyrus Espinoza,US,1965
67,Eero Yamamoto,IN,1934
68,Elena Davidson,SE,1957
69,Tara Xu,,1954
70,Fatima Chen,US,1998
71,Hiro Larsen,US,1928
72,Alice Silva,IN,1993
73,Victor Silva,IN,1977
74,Pablo Gupta,KR,1972
75,Olga Xu,BR,1944
76,Cyrus Zhang,DE,1921
77,Tara Quiroga,ES,1967
78,Farid Hassan,KR,1935
79,Maya Quiroga,KR,1995
80,Bianca Hassan,AR,1937
81,Maya Ueda,IT,1965
82,Arturo Wagner,CL,1977
83,Zara Nakamura,IN,1937
84,Tara Larsen,BR,1983
85,Quincy Ueda,,1948
86,Fatima Larsen,AR,1955
87,Ben Ivanov,BR,1931
88,Rosa Zhang,SE,1981
89,Daniel Ferreira,KR,1976
90,Ben Larsen,NL,1937
91,Arturo Tanaka,IN,1955
92,Victor Moreno,BR,1966
93,Carla Hassan,IN,1947
94,Xiomara Ueda,AU,1939
95,Ben Okafor,PL,1954
96,Tara Wagner,US,1930
97,Yusuf Chen,IT,1934
98,Yusuf Xu,AU,1942
99,Ben Espinoza,ES,1927
100,Yusuf Ivanov,AR,1987
101,Farid Moreno,CL,1939
102,Bianca Xu,IT,1952
103,Pablo Quiroga,GB,1989
104,Jonas Hassan,AR,1940
105,Carla Nakamura,GB,1982
106,Kiri Tanaka,NL,1999
107,Dania Kowalski,,1927
108,Eero Xu,NL,1931
109,Bianca Wagner,MX,1922
110,Zara Petrov,AU,1953
111,Bianca Yamamoto,AU,1983
112,Ben Davidson,NL,1929
113,Daniel Ueda,AU,1965
114,Dania Ueda,NL,1985
115,Victor Rossi,IN,1965
116,Olga Quiroga,AU,1932
117,Greta Kowalski,BR,1968
118,Cyrus Kowalski,SE,1997
119,Rosa Wagner,KR,1984
120,Tara Quiroga,IN,1944
121,Maya Okafor,MX,1957
122,Ben Quiroga,BR,1950
123,Olga Yamamoto,MX,1992
124,Bianca Petrov,,1978
125,Elena Ueda,US,1975
126,Fatima Nakamura,PL,1972
127,Rosa Larsen,CL,1934
128,Jonas Okafor,SE,1946
129,Fatima Davidson,IT,1989
130,Uma Moreno,AU,1974
131,Elena Quiroga,CA,1984
132,Tara Ivanov,PL,1964
133,Fatima Larsen,DE,1934
134,Elena Petrov,DE,1960
135,Luca Alvarez,DE,1972
136,Ben Zhang,JP,1940
137,Maya Brooks,ES,1940
138,Xiomara Quiroga,PL,1927
139,Quincy Vargas,MX,1974
140,Sven Gupta,BR,1993
141,Daniel Hassan,SE,1960
142,Ben Ivanov,IT,1983
143,Olga Alvarez,CA,1933
144,Kiri Vargas,IN,1955
145,Noah Vargas,DE,1990
146,Dania Kowalski,SE,1992
147,Zara Zhang,MX,1942
148,Xiomara Brooks,AR,1955
149,Alice Silva,AU,1951
150,Hiro Tanaka,FR,1975
151,Uma Xu,ES,1970
152,Cyrus Xu,IT,1956
153,Sven Espinoza,AU,1931
154,Bianca Tanaka,CL,1943
155,Fatima Okafor,DE,1923
156,Carla Okafor,CA,1926
157,Maya Ueda,IN,1981
158,Daniel Kowalski,NL,1959
159,Elena Ueda,CL,1996
160,Alice Moreno,US,1986
161,Ben Vargas,US,1930
162,Dania Tanaka,GB,1963
163,Ben Ivanov,BR,1932
164,Olga Xu,GB,1950
165,Uma Vargas,BR,1951
166,Xiomara Rossi,NL,1940
167,Alice Jensen,FR,1957
168,Wei Ueda,,1994
169,Luca Hassan,NL,1941
170,Tara Ueda,US,1961
171,Uma Hassan,SE,1964
172,Fatima Moreno,US,1994
173,Ines Espinoza,PL,1966
174,Cyrus Okafor,SE,1938
175,Olga Alvarez,US,1943
176,Daniel Petrov,,1942
177,Sven Ivanov,,1987
178,Elena Gupta,ES,1990
179,Rosa Silva,ES,1973
180,Carla Silva,AR,1977
181,Cyrus Zhang,DE,1992
182,Ben Hassan,GB,1961
183,Kiri Kowalski,KR,1993
184,Luca Ueda,JP,1985
185,Zara Jensen,BR,1972
186,Jonas Espinoza,SE,1943
187,Bianca Jensen,IN,1978
188,Victor Zhang,NL,1987
189,Ben Ivanov,AU,1998
190,Maya Moreno,AR,1996
191,Daniel Hassan,NL,1958
192,Tara Kowalski,BR,1973
193,Farid Quiroga,DE,1921
194,Quincy Espinoza,KR,1939
195,Daniel Hassan,IT,1921
196,Dania Hassan,IN,1939
197,Quincy Chen,CL,1925
198,Quincy Gupta,IT,1987
199,Carla Ivanov,SE,1945
200,Jonas Zhang,AU,1943
201,Noah Ferreira,IT,1964
202,Arturo Nakamura,,1983
203,Luca Chen,AU,1975
204,Bianca Zhang,DE,1924
205,Uma Vargas,KR,1920
206,Jonas Davidson,MX,1948
207,Dania Brooks,FR,1958
208,Wei Espinoza,JP,1981
209,Uma Silva,,1932
210,Bianca Larsen,GB,1993
211,Carla Tanaka,NL,1927
212,Yusuf Zhang,NL,1933
213,Carla Hassan,IN,1945
214,Greta Brooks,SE,1980
215,Jonas Silva,FR,1936
216,Greta Ueda,,1920
217,Dania Ferreira,KR,1928
218,Daniel Brooks,DE,1942
219,Xiomara Quiroga,PL,1956
220,Yusuf Quiroga,MX,1975
221,Ben Gupta,DE,1923
222,Quincy Rossi,,1978
223,Dania Davidson,AR,1956
224,Arturo Larsen,AR,1955
225,Cyrus Ferreira,IT,1957
226,Xiomara Gupta,MX,1952
227,Zara Ueda,SE,1973
228,Kiri Ferreira,KR,1987
229,Jonas Brooks,DE,1986
230,Daniel Quiroga,US,1965
231,Farid Ferreira,US,1960
232,Ben Wagner,IN,1953
233,Luca Ueda,AR,1973
234,Rosa Ueda,US,1965
235,Jonas Hassan,CL,1929
236,Daniel Quiroga,,1934
237,Elena Rossi,JP,1922
238,Wei Quiroga,IN,1966
239,Dania Nakamura,PL,1965
240,Quincy Ivanov,IT,1948
241,Zara Gupta,US,1957
242,Olga Davidson,AU,1978
243,Uma Rossi,IN,1920
244,Kiri Tanaka,US,1998
245,Eero Ferreira,IN,1958
246,Zara Chen,ES,1943
247,Farid Brooks,BR,1933
248,Farid Petrov,IN,1996
249,Maya Jensen,CA,1961
250,Zara Larsen,SE,1942
251,Rosa Tanaka,IN,1969
252,Yusuf Ueda,IT,1945
253,Victor Davidson,PL,1935
254,Quincy Larsen,IT,1993
255,Eero Ueda,GB,1990
256,Ben Ferreira,US,1982
257,Hiro Kowalski,KR,1943
258,Jonas Brooks,CL,1979
259,Cyrus Chen,MX,1982
260,Pablo Rossi,CL,1989
261,Carla Nakamura,MX,1967
262,Sven Espinoza,CL,1954
263,Yusuf Chen,PL,1972
264,Hiro Ueda,,1933
265,Hiro Nakamura,ES,1947
266,Farid Alvarez,PL,1992
267,Carla Rossi,US,1995
268,Noah Vargas,PL,1976
269,Yusuf Gupta,NL,1969
270,Noah Alvarez,IN,1987
271,Rosa Xu,NL,1966
272,Eero Gupta,CL,1933
273,Hiro Brooks,DE,1923
274,Olga Moreno,JP,1927
275,Fatima Moreno,AR,1959
276,Zara Espinoza,AU,1958
277,Tara Chen,JP,1943
278,Dania Xu,KR,1959
279,Xiomara Nakamura,MX,1966
280,Pablo Hassan,JP,1936
281,Daniel Hassan,BR,1983
282,Tara Wagner,JP,1990
283,Jonas Kowalski,MX,1969
284,Arturo Yamamoto,JP,1925
285,Quincy Quiroga,SE,1978
286,Zara Kowalski,KR,1931
287,Maya Vargas,IN,1954
288,Kiri Brooks,KR,1992
289,Tara Nakamura,CL,1992
290,Tara Rossi,US,1987
291,Luca Ivanov,DE,1963
292,Arturo Yamamoto,US,1996
293,Rosa Okafor,NL,1960
294,Luca Zhang,PL,1974
295,Kiri Rossi,FR,1993
296,Carla Kowalski,US,1979
297,Yusuf Hassan,PL,1988
298,Xiomara Chen,ES,1955
299,Bianca Espinoza,GB,1982
300,Eero Petrov,NL,1993
301,Quincy Alvarez,KR,1977
302,Wei Moreno,ES,1994
303,Farid Kowalski,IT,1993
304,Elena Okafor,AU,1965
305,Luca Gupta,CL,1964
306,Bianca Vargas,BR,1963
307,Zara Petrov,JP,1960
308,Rosa Larsen,US,1945
309,Rosa Gupta,,1957
310,Farid Jensen,,1979
311,Jonas Chen,KR,1964
312,Daniel Petrov,CA,1939
313,Bianca Rossi,FR,1955
314,Daniel Chen,AR,1999
315,Fatima Nakamura,PL,1934
316,Maya Nakamura,PL,1987
317,Arturo Jensen,AU,1986
318,Eero Wagner,MX,1949
319,Xiomara Moreno,PL,1933
320,Pablo Davidson,ES,1974
321,Xiomara Nakamura,IN,1937
322,Luca Wagner,MX,1977
323,Olga Zhang,ES,1945
324,Zara Okafor,SE,1940
325,Daniel Moreno,AR,1955
326,Hiro Chen,ES,1960
327,Cyrus Jensen,NL,1990
328,Jonas Moreno,PL,1926
329,Fatima Xu,BR,1986
330,Kiri Espinoza,FR,1997
331,Elena Yamamoto,BR,1997
332,Bianca Yamamoto,CA,1936
333,Elena Ferreira,MX,1925
334,Maya Larsen,JP,1963
335,Pablo Hassan,KR,1951
336,Jonas Vargas,,1992
337,Jonas Moreno,PL,1968
338,Pablo Petrov,IT,1986
339,Uma Quiroga,ES,1974
340,Greta Chen,MX,1921
341,Dania Vargas,AR,1996
342,Daniel Brooks,SE,1988
343,Fatima Nakamura,NL,1998
344,Farid Xu,MX,1974
345,Zara Ferreira,PL,1948
346,Alice Tanaka,ES,1948
347,Yusuf Gupta,BR,1944
348,Eero Ueda,AR,1940
349,Jonas Alvarez,AR,1963
350,Maya Davidson,,1981
351,Dania Hassan,JP,1957
352,Carla Kowalski,US,1997
353,Greta Alvarez,FR,1997
354,Tara Petrov,GB,1926
355,Tara Hassan,,1922
356,Eero Tanaka,KR,1926
357,Dania Xu,IN,1968
358,Luca Ueda,IT,1921
359,Quincy Gupta,FR,1946
360,Victor Tanaka,MX,1979
361,Eero Brooks,AU,1993
362,Fatima Xu,CL,1941
363,Daniel Tanaka,IT,1930
364,Rosa Chen,GB,1995
365,Carla Ferreira,AU,1926
366,Dania Tanaka,BR,1930
367,Cyrus Vargas,US,1940
368,Maya Hassan,PL,1994
369,Quincy Vargas,BR,1939
370,Maya Silva,,1951
371,Ines Chen,CL,1974
372,Uma Larsen,CL,1971
373,Xiomara Kowalski,ES,1967
374,Pablo Rossi,AU,1936
375,Sven Ivanov,CA,1985
376,Olga Larsen,AU,1942
377,Luca Rossi,SE,1955
378,Ines Chen,KR,1975
379,Elena Ivanov,PL,1943
380,Carla Petrov,MX,1977
381,Greta Chen,FR,1938
382,Quincy Tanaka,GB,1972
383,Ben Espinoza,FR,1927
384,Arturo Wagner,IT,1978
385,Rosa Alvarez,JP,1971
386,Daniel Wagner,CA,1978
387,Carla Nakamura,BR,1965
388,Tara Chen,GB,1973
389,Quincy Ivanov,BR,1939
390,Sven Silva,MX,1945
391,Luca Petrov,PL,1970
392,Kiri Okafor,DE,1952
393,Ben Silva,BR,1949
394,Bianca Okafor,PL,1947
395,Ben Quiroga,US,1998
396,Yusuf Espinoza,PL,1934
397,Jonas Silva,US,1973
398,Olga Gupta,US,1968
399,Alice Jensen,JP,1951
400,Hiro Yamamoto,GB,1976
401,Xiomara Davidson,DE,1997
402,Yusuf Rossi,CA,1920
403,Kiri Quiroga,NL,1991
404,Luca Quiroga,JP,1944
405,Hiro Kowalski,KR,1945
406,Carla Yamamoto,FR,1952
407,Olga Moreno,SE,1958
408,Arturo Vargas,KR,1963
409,Noah Davidson,SE,1950
410,Ines Kowalski,ES,1933
411,Wei Xu,ES,1965
412,Kiri Zhang,IT,1979
413,Rosa Tanaka,GB,1922
414,Xiomara Zhang,,1984
415,Daniel Rossi,US,1991
416,Farid Ivanov,NL,1956
417,Dania Zhang,JP,1947
418,Tara Yamamoto,IT,1994
419,Ines Ueda,IT,1994
420,Sven Jensen,ES,1936
421,Ben Gupta,KR,1987
422,Ben Kowalski,,1950
423,Ben Rossi,FR,1931
424,Farid Chen,IT,1921
425,Alice Ferreira,GB,1929
426,Tara Xu,IT,1949
427,Pablo Okafor,,1956
428,Alice Okafor,DE,1973
429,Victor Tanaka,FR,1942
430,Hiro Espinoza,KR,1955
431,Dania Vargas,MX,1978
432,Zara Chen,AU,1997
433,Ines Okafor,ES,1930
434,Cyrus Alvarez,IN,1920
435,Eero Moreno,DE,1925
436,Zara Zhang,AR,1967
437,Daniel Jensen,DE,1952
438,Eero Jensen,NL,1925
439,Luca Ferreira,JP,1996
440,Daniel Vargas,MX,1925
441,Xiomara Petrov,DE,1964
442,Bianca Ivanov,BR,1962
443,Ben Wagner,DE,1999
444,Cyrus Ueda,US,1983
445,Fatima Kowalski,JP,1933
446,Arturo Silva,CA,1991
447,Olga Espinoza,GB,1956
448,Pablo Kowalski,DE,1965
449,Elena Moreno,AU,1949
450,Zara Nakamura,KR,1972
451,Noah Vargas,BR,1983
452,Wei Zhang,AR,1923
453,Noah Kowalski,NL,1952
454,Bianca Ueda,CL,1955
455,Olga Jensen,BR,1949
456,Eero Ueda,IN,1995
457,Wei Gupta,IT,1955
458,Yusuf Chen,AU,1977
459,Elena Jensen,CA,1980
460,Arturo Yamamoto,KR,1996
461,Pablo Ivanov,AU,1920
462,Maya Larsen,IN,1958
463,Pablo Moreno,SE,1955
464,Yusuf Nakamura,DE,1985
465,Jonas Rossi,GB,1966
466,Luca Wagner,BR,1974
467,Wei Rossi,CA,1950
468,Yusuf Brooks,IT,1975
469,Luca Wagner,CA,1994
470,Jonas Gupta,IT,1951
471,Elena Zhang,NL,1937
472,Yusuf Okafor,IN,1927
473,Sven Ferreira,BR,1940
474,Kiri Kowalski,SE,1958
475,Luca Quiroga,AR,1992
476,Cyrus Moreno,CL,1998
477,Rosa Ivanov,IN,1955
478,Quincy Gupta,NL,1939
479,Elena Brooks,MX,1930
480,Farid Gupta,MX,1969
481,Maya Okafor,SE,1941
482,Jonas Xu,MX,1951
483,Olga Espinoza,NL,1983
484,Tara Petrov,BR,1963
485,Uma Espinoza,IT,1921
486,Olga Rossi,IN,1928
487,Bianca Wagner,MX,1926
488,Sven Chen,MX,1933
489,Ines Okafor,AR,1963
490,Ben Ueda,IN,1945
491,Jonas Davidson,CL,1944
492,Kiri Hassan,MX,1997
493,Cyrus Chen,PL,1988
494,Kiri Ivanov,CL,1961
495,Kiri Silva,DE,1959
496,Dania Ueda,FR,1984
497,Farid Nakamura,BR,1991
498,Carla Brooks,DE,1933
499,Ben Okafor,SE,1958
500,Jonas Wagner,SE,1988
501,Carla Petrov,SE,1964
502,Pablo Rossi,DE,1947
503,Noah Zhang,CA,1962
504,Carla Quiroga,PL,1964
505,Victor Davidson,FR,1972
506,Ines Xu,GB,1966
507,Yusuf Espinoza,BR,1995
508,Daniel Vargas,DE,1936
509,Tara Ueda,GB,1987
510,Zara Vargas,DE,1970
511,Dania Rossi,IN,1936
512,Fatima Gupta,KR,1920
513,Uma Moreno,AR,1978
514,Noah Wagner,BR,1988
515,Jonas Nakamura,NL,1970
516,Eero Gupta,DE,1939
517,Pablo Rossi,ES,1955
518,Elena Moreno,SE,1928
519,Xiomara Quiroga,KR,1938
520,Daniel Chen,JP,1996
521,Carla Kowalski,PL,1969
522,Arturo Espinoza,SE,1927
523,Fatima Jensen,ES,1989
524,Carla Xu,IN,1930
525,Arturo Moreno,CA,1951
526,Tara Quiroga,DE,1970
527,Ines Nakamura,ES,1961
528,Eero Ueda,,1996
529,Quincy Zhang,MX,1943
530,Maya Gupta,KR,1956
531,Carla Zhang,NL,1924
532,Noah Silva,KR,1958
533,Greta Gupta,PL,1950
534,Wei Rossi,IN,1970
535,Arturo Yamamoto,MX,1962
536,Elena Zhang,ES,1956
537,Fatima Hassan,GB,1972
538,Olga Davidson,IN,1969
539,Yusuf Petrov,IT,1923
540,Carla Quiroga,AU,1969
541,Alice Wagner,BR,1976
542,Noah Tanaka,GB,1961
543,Hiro Espinoza,JP,1992
544,Kiri Nakamura,CL,1922
545,Ines Yamamoto,JP,1973
546,Fatima Moreno,AR,1928
547,Rosa Larsen,KR,1978
548,Alice Jensen,AU,1944
549,Alice Jensen,DE,1964
550,Yusuf Moreno,ES,1991
551,Greta Davidson,JP,1979
552,Victor Zhang,DE,1993
553,Farid Vargas,IT,1982
554,Eero Gupta,AR,1964
555,Farid Ferreira,JP,1964
556,Olga Petrov,BR,1931
557,Maya Jensen,IT,1964
558,Sven Wagner,NL,1943
559,Luca Tanaka,CA,1986
560,Kiri Ivanov,AU,1923
561,Tara Tanaka,CA,1975
562,Cyrus Ivanov,NL,1967
563,Xiomara Nakamura,ES,1941
564,Olga Quiroga,NL,1948
565,Hiro Vargas,DE,1978
566,Pablo Ueda,,1935
567,Elena Espinoza,CL,1948
568,Ines Rossi,DE,1991
569,Victor Nakamura,IT,1973
570,Yusuf Hassan,AR,1993
571,Wei Yamamoto,GB,1974
572,Arturo Ferreira,ES,1941
573,Farid Silva,BR,1989
574,Kiri Vargas,BR,1920
575,Uma Xu,IN,1990
576,Pablo Zhang,FR,1996
577,Wei Okafor,NL,1948
578,Victor Chen,AU,1932
579,Greta Chen,US,1944
580,Maya Alvarez,KR,1922
581,Victor Quiroga,PL,1980
582,Hiro Espinoza,PL,1966
583,Olga Yamamoto,ES,1953
584,Eero Petrov,GB,1932
585,Pablo Xu,DE,1986
586,Carla Alvarez,GB,1989
587,Alice Rossi,FR,1998
588,Luca Xu,AR,1926
589,Eero Yamamoto,SE,1932
590,Alice Jensen,IT,1963
591,Noah Wagner,,1936
592,Uma Gupta,JP,1928
593,Farid Larsen,DE,1956
594,Carla Yamamoto,,1975
595,Ben Okafor,IT,1964
596,Zara Yamamoto,DE,1976
597,Olga Yamamoto,FR,1933
598,Farid Ferreira,GB,1992
599,Fatima Larsen,FR,1999
600,Sven Petrov,CA,1970
601,Hiro Ivanov,JP,1993
602,Rosa Jensen,NL,1925
603,Uma Davidson,MX,1965
604,Fatima Quiroga,SE,1969
605,Ben Vargas,US,1961
606,Dania Espinoza,AR,1999
607,Wei Zhang,CL,1924
608,Sven Espinoza,FR,1940
609,Ben Jensen,US,1925
610,Olga Okafor,KR,1978
611,Noah Jensen,CL,1958
612,Luca Vargas,BR,1987
613,Fatima Ferreira,BR,1985
614,Cyrus Ueda,ES,1939
615,Olga Ferreira,SE,1939
616,Luca Gupta,CL,1930
617,Ines Alvarez,CL,1945
618,Luca Jensen,MX,1994
619,Tara Vargas,AR,1983
620,Alice Ivanov,JP,1966
621,Alice Larsen,DE,2000
622,Rosa Moreno,AU,1996
623,Alice Ferreira,AU,1982
624,Arturo Moreno,KR,1958
625,Ben Gupta,PL,1960
626,Cyrus Brooks,SE,1960
627,Kiri Vargas,,1977
628,Fatima Yamamoto,IN,1979
629,Dania Larsen,PL,1951
630,Maya Kowalski,ES,1943
631,Yusuf Brooks,MX,1935
632,Rosa Rossi,CA,1970
633,Elena Alvarez,IT,1983
634,Maya Petrov,FR,1956
635,Farid Silva,DE,1959
636,Victor Tanaka,CL,1975
637,Uma Ivanov,BR,1978
638,Noah Ferreira,NL,1940
639,Alice Ivanov,SE,1954
640,Zara Gupta,ES,1992
641,Olga Yamamoto,FR,1921
642,Wei Nakamura,ES,1979
643,Fatima Yamamoto,JP,1974
644,Fatima Quiroga,IT,1945
645,Kiri Okafor,GB,1956
646,Bianca Zhang,IT,1926
647,Luca Kowalski,MX,1985
648,Maya Rossi,NL,1975
649,Bianca Alvarez,KR,1943
650,Xiomara Vargas,DE,1983
651,Kiri Quiroga,,1981
652,Farid Brooks,BR,1933
653,Tara Rossi,IN,1963
654,Yusuf Larsen,BR,1984
655,Ines Nakamura,IT,1942
656,Hiro Rossi,US,2000
657,Xiomara Kowalski,CA,1971
658,Fatima Kowalski,AU,1927
659,Sven Gupta,IT,1929
660,Ines Silva,SE,1942
661,Carla Brooks,IN,1948
662,Tara Okafor,NL,1940
663,Sven Xu,ES,1922
664,Yusuf Petrov,AR,1979
665,Elena Okafor,MX,1943
666,Tara Silva,NL,1968
667,Farid Brooks,KR,1978
668,Hiro Jensen,,1982
669,Ines Ueda,MX,1924
670,Greta Alvarez,IT,1985
671,Elena Espinoza,AR,1942
672,Pablo Kowalski,,1978
673,Quincy Nakamura,CA,1974
674,Sven Zhang,BR,1943
675,Wei Chen,AR,1957
676,Quincy Chen,GB,1928
677,Ines Chen,JP,1951
678,Rosa Wagner,FR,1968
679,Ben Quiroga,ES,1936
680,Maya Larsen,ES,1928
681,Bianca Quiroga,FR,1976
682,Sven Espinoza,SE,1983
683,Sven Tanaka,NL,1982
684,Ines Petrov,SE,1975
685,Olga Hassan,AU,1948
686,Maya Moreno,CL,1957
687,Elena Vargas,DE,1936
688,Rosa Okafor,CA,1953
689,Cyrus Gupta,BR,1998
690,Eero Silva,ES,1997
691,Ines Wagner,CL,1994
692,Xiomara Tanaka,ES,1925
693,Hiro Jensen,FR,1937
694,Bianca Alvarez,GB,1987
695,Quincy Hassan,FR,1955
696,Fatima Tanaka,KR,1995
697,Zara Gupta,CL,1945
698,Ines Okafor,BR,1996
699,Maya Wagner,IN,1993
700,Cyrus Okafor,CL,1936
701,Fatima Tanaka,KR,1927
702,Daniel Ivanov,AU,1950
703,Sven Alvarez,PL,1971
704,Ben Alvarez,DE,1930
705,Alice Wagner,BR,1977
706,Cyrus Jensen,DE,1963
707,Jonas Espinoza,PL,1923
708,Cyrus Zhang,ES,1998
709,Cyrus Petrov,MX,1950
710,Quincy Wagner,MX,1922
711,Wei Alvarez,,1993
712,Tara Ivanov,NL,1954
713,Alice Ivanov,JP,1993
714,Quincy Okafor,DE,1936
715,Pablo Chen,US,1973
716,Noah Jensen,FR,1963
717,Rosa Ferreira,IN,1990
718,Yusuf Davidson,NL,1930
719,Fatima Yamamoto,SE,1976
720,Elena Kowalski,CL,1988
721,Greta Larsen,CA,1988
722,Kiri Moreno,AR,1991
723,Cyrus Espinoza,PL,1967
724,Ben Okafor,SE,1991
725,Cyrus Larsen,FR,1963
726,Elena Quiroga,PL,1992
727,Quincy Petrov,IN,1986
728,Alice Zhang,AR,1936
729,Noah Hassan,AU,2000
730,Victor Petrov,DE,1999
731,Dania Espinoza,FR,1922
732,Olga Ivanov,NL,1961
733,Daniel Hassan,CL,1955
734,Sven Yamamoto,NL,1965
735,Uma Davidson,AU,1951
736,Daniel Wagner,SE,1920
737,Tara Ueda,FR,1993
738,Luca Brooks,PL,1964
739,Luca Gupta,CL,1943
740,Arturo Yamamoto,DE,1933
741,Yusuf Chen,PL,1943
742,Pablo Okafor,SE,1937
743,Quincy Xu,KR,1966
744,Olga Hassan,AR,1968
745,Wei Ueda,,1989
746,Maya Tanaka,BR,1935
747,Greta Kowalski,IT,1989
748,Hiro Alvarez,PL,1992
749,Dania Ferreira,CL,1993
750,Quincy Vargas,CL,1925
751,Victor Nakamura,IN,1934
752,Pablo Ivanov,US,1974
753,Farid Davidson,BR,1986
754,Dania Ferreira,IN,1947
755,Daniel Ferreira,BR,1969
756,Maya Quiroga,MX,1980
757,Daniel Larsen,JP,1985
758,Tara Brooks,FR,1943
759,Hiro Ferreira,ES,1996
760,Rosa Kowalski,AR,1950
761,Xiomara Jensen,PL,1992
762,Eero Silva,SE,1967
763,Maya Nakamura,BR,1943
764,Alice Moreno,JP,1945
765,Xiomara Moreno,AU,1978
766,Farid Rossi,,1999
767,Elena Silva,ES,1984
768,Uma Petrov,DE,1996
769,Maya Tanaka,FR,1920
770,Ines Petrov,DE,1932
771,Greta Ivanov,ES,1971
772,Zara Brooks,CL,1972
773,Dania Tanaka,CA,1948
774,Sven Ferreira,BR,1945
775,Elena Chen,AU,1938
776,Kiri Rossi,IN,1982
777,Farid Yamamoto,JP,1929
778,Noah Silva,AU,1966
779,Jonas Wagner,GB,1984
780,Eero Xu,BR,1931
781,Hiro Yamamoto,AR,1925
782,Dania Larsen,JP,1976
783,Alice Quiroga,,1966
784,Hiro Hassan,PL,1939
785,Elena Jensen,AR,1945
786,Elena Rossi,JP,1936
787,Xiomara Nakamura,PL,1940
788,Sven Chen,,1995
789,Daniel Nakamura,IT,1940
790,Luca Okafor,CL,1996
791,Zara Yamamoto,,1941
792,Eero Davidson,BR,1969
793,Wei Kowalski,PL,1952
794,Tara Espinoza,US,1925
795,Elena Alvarez,,1944
796,Luca Hassan,CL,1940
797,Rosa Vargas,US,1960
798,Dania Larsen,,1961
799,Xiomara Petrov,KR,1931
800,Arturo Rossi,,1999
801,Tara Okafor,CL,2000
802,Maya Tanaka,AR,1934
803,Victor Davidson,ES,1962
804,Victor Espinoza,KR,1983
805,Elena Zhang,BR,1943
806,Greta Okafor,AR,1943
807,Pablo Silva,FR,1932
808,Bianca Ueda,NL,1943
809,Arturo Silva,CA,1982
810,Xiomara Hassan,US,1955
811,Bianca Jensen,FR,1971
812,Tara Brooks,JP,1975
813,Elena Alvarez,PL,1928
814,Bianca Hassan,CA,1995
815,Arturo Hassan,BR,1929
816,Alice Davidson,CL,1957
817,Dania Ferreira,GB,1971
818,Victor Xu,FR,1977
819,Victor Ivanov,DE,1954
820,Sven Moreno,US,1974
821,Farid Xu,GB,1955
822,Jonas Larsen,IT,1981
823,Jonas Wagner,SE,1993
824,Eero Moreno,DE,1949
825,Fatima Larsen,IT,1998
826,Yusuf Espinoza,IN,1959
827,Daniel Larsen,DE,1987
828,Tara Quiroga,US,1956
829,Carla Rossi,JP,1948
830,Olga Silva,SE,1950
831,Farid Wagner,NL,1963
832,Alice Brooks,FR,1962
833,Victor Gupta,BR,1989
834,Victor Davidson,AU,1962
835,Kiri Nakamura,CL,1966
836,Zara Ferreira,CA,1992
837,Elena Kowalski,GB,1925
838,Maya Rossi,CA,1973
839,Arturo Vargas,FR,1984
840,Daniel Wagner,MX,1943
841,Pablo Kowalski,SE,1938
842,Cyrus Larsen,MX,1976
843,Tara Gupta,DE,1944
844,Uma Espinoza,JP,1953
845,Jonas Ivanov,BR,1933
846,Cyrus Xu,SE,1929
847,Bianca Gupta,AU,1976
848,Farid Espinoza,BR,1981
849,Greta Brooks,MX,1995
850,Olga Davidson,NL,1929
851,Rosa Brooks,SE,1938
852,Hiro Okafor,IT,1966
853,Pablo Ivanov,DE,1980
854,Wei Brooks,ES,1924
855,Ben Brooks,NL,1941
856,Pablo Davidson,GB,1983
857,Cyrus Yamamoto,CL,1993
858,Elena Moreno,CL,1995
859,Pablo Gupta,FR,1972
860,Ines Gupta,AU,1993
861,Olga Quiroga,ES,1928
862,Dania Xu,GB,1935
863,Olga Ivanov,GB,2000
864,Daniel Jensen,GB,1964
865,Farid Yamamoto,CL,1938
866,Hiro Wagner,KR,1980
867,Cyrus Quiroga,ES,1995
868,Sven Brooks,GB,1991
869,Ben Moreno,DE,1924
870,Pablo Larsen,KR,1954
871,Uma Alvarez,SE,1943
872,Kiri Brooks,IN,1984
873,Greta Tanaka,AR,1934
874,Dania Espinoza,US,1943
875,Xiomara Nakamura,GB,1973
876,Tara Gupta,AU,1941
877,Tara Chen,MX,1974
878,Luca Moreno,IT,1948
879,Tara Kowalski,ES,1951
880,Bianca Chen,NL,2000
881,Luca Kowalski,MX,1974
882,Eero Ueda,AU,1967
883,Maya Petrov,SE,1971
884,Olga Espinoza,FR,1953
885,Yusuf Tanaka,FR,1940
886,Sven Tanaka,FR,2000
887,Sven Ueda,KR,1977
888,Ben Nakamura,,1937
889,Tara Rossi,FR,1973
890,Pablo Brooks,PL,1953
891,Fatima Chen,IN,1921
892,Eero Ferreira,MX,1920
893,Jonas Larsen,CL,1952
894,Tara Tanaka,IN,1944
895,Carla Ferreira,AU,1946
896,Cyrus Rossi,AR,1978
897,Noah Nakamura,US,1937
898,Kiri Ueda,PL,1933
899,Greta Hassan,IN,1992
900,Bianca Ivanov,IN,1920
901,Arturo Brooks,KR,1987
902,Bianca Ferreira,PL,1988
903,Arturo Moreno,NL,1925
904,Uma Silva,MX,1965
905,Xiomara Kowalski,US,1920
906,Victor Vargas,FR,1955
907,Greta Moreno,AU,1979
908,Wei Gupta,GB,1945
909,Uma Wagner,CL,1961
910,Sven Wagner,US,1957
911,Rosa Larsen,US,1996
912,Noah Hassan,AR,1975
913,Arturo Vargas,MX,1931
914,Greta Okafor,IT,1982
915,Zara Silva,,1992
916,Cyrus Rossi,PL,1927
917,Noah Quiroga,MX,1973
918,Greta Chen,FR,1935
919,Xiomara Nakamura,CL,1999
920,Yusuf Larsen,ES,1949
921,Bianca Jensen,ES,1970
922,Luca Kowalski,MX,1993
923,Eero Espinoza,IT,1944
924,Arturo Quiroga,JP,1967
925,Hiro Alvarez,FR,1959
926,Luca Jensen,SE,1984
927,Dania Okafor,GB,1941
928,Eero Chen,NL,1922
929,Maya Silva,ES,1960
930,Noah Ueda,US,1989
931,Luca Xu,NL,1977
932,Noah Chen,SE,1974
933,Daniel Jensen,CA,1970
934,Hiro Zhang,FR,1940
935,Arturo Yamamoto,SE,1951
936,Uma Rossi,KR,1956
937,Alice Nakamura,MX,1982
938,Alice Petrov,ES,1942
939,Olga Petrov,SE,1987
940,Carla Yamamoto,IN,1989
941,Hiro Petrov,AR,1955
942,Eero Nakamura,BR,1954
943,Sven Silva,JP,1939
944,Victor Espinoza,GB,1964
945,Kiri Kowalski,DE,1988
946,Noah Ferreira,AU,1991
947,Maya Moreno,GB,1953
948,Zara Jensen,DE,1994
949,Elena Rossi,CA,1983
950,Greta Vargas,CL,1950
951,Ben Alvarez,AR,1956
952,Fatima Nakamura,KR,1945
953,Tara Davidson,KR,1924
954,Quincy Ivanov,PL,1952
955,Maya Espinoza,JP,1933
956,Pablo Okafor,AU,1949
957,Alice Ivanov,AR,1927
958,Noah Espinoza,US,1922
959,Arturo Quiroga,US,1988
960,Dania Nakamura,,1920
961,Arturo Quiroga,ES,1975
962,Cyrus Quiroga,GB,1996
963,Alice Nakamura,ES,1954
964,Olga Nakamura,SE,1947
965,Yusuf Moreno,PL,1990
966,Carla Davidson,JP,1921
967,Hiro Ivanov,AU,1982
968,Arturo Wagner,FR,1991
969,Alice Nakamura,KR,1958
970,Yusuf Alvarez,SE,1962
971,Eero Vargas,KR,1987
972,Uma Ueda,CL,1926
973,Farid Chen,GB,1929
974,Pablo Alvarez,CL,1962
975,Maya Zhang,NL,1953
976,Farid Nakamura,AU,1960
977,Cyrus Hassan,NL,1945
978,Wei Silva,KR,1999
979,Alice Hassan,IT,1974
980,Pablo Rossi,IT,1987
981,Alice Chen,CA,1959
982,Farid Petrov,IT,1928
983,Noah Vargas,JP,1977
984,Eero Brooks,FR,1987
985,Cyrus Ueda,IN,1954
986,Jonas Zhang,JP,1925
987,Daniel Ferreira,JP,1965
988,Luca Rossi,KR,1971
989,Rosa Quiroga,,1948
990,Greta Chen,AR,1953
991,Daniel Alvarez,PL,1975
992,Hiro Petrov,BR,1995
993,Fatima Ivanov,NL,1980
994,Luca Jensen,,1952
995,Daniel Chen,AR,1970
996,Yusuf Silva,PL,1993
997,Olga Moreno,KR,1938
998,Noah Alvarez,US,1968
999,Daniel Alvarez,KR,1961
1000,Alice Ferreira,AU,1943
1001,Hiro Moreno,ES,1960
1002,Daniel Espinoza,FR,1971
1003,Fatima Tanaka,PL,1976
1004,Farid Jensen,GB,1941
1005,Farid Wagner,DE,1949
1006,Arturo Zhang,KR,1982
1007,Noah Nakamura,DE,1984
1008,Cyrus Espinoza,DE,1990
1009,Ines Davidson,CA,1924
1010,Elena Brooks,AU,1968
1011,Tara Alvarez,PL,1934
1012,Olga Petrov,ES,1980
1013,Cyrus Alvarez,FR,1962
1014,Pablo Yamamoto,US,1958
1015,Hiro Quiroga,FR,1973
1016,Uma Wagner,PL,1958
1017,Uma Gupta,GB,1942
1018,Ines Tanaka,ES,1957
1019,Yusuf Yamamoto,PL,1963
1020,Xiomara Davidson,AU,1978
1021,Farid Nakamura,IN,1930
1022,Carla Brooks,BR,1974
1023,Bianca Ueda,ES,1935
1024,Sven Xu,SE,1938
1025,Kiri Ueda,PL,1929
1026,Zara Okafor,CL,1994
1027,Noah Ueda,AU,1956
1028,Xiomara Larsen,US,1942
1029,Jonas Larsen,SE,1982
1030,Wei Chen,IT,1936
1031,Farid Alvarez,DE,1965
1032,Dania Jensen,FR,1979
1033,Cyrus Quiroga,CA,1996
1034,Rosa Silva,,1923
1035,Hiro Jensen,FR,1993
1036,Ines Chen,IN,1962
1037,Sven Jensen,GB,1928
1038,Ben Silva,,1955
1039,Arturo Ueda,,1965
1040,Greta Xu,IT,1946
1041,Yusuf Yamamoto,BR,1955
1042,Dania Gupta,US,1930
1043,Arturo Chen,NL,1922
1044,Zara Yamamoto,CL,1945
1045,Jonas Nakamura,IN,1995
1046,Bianca Ueda,MX,1958
1047,Noah Petrov,FR,1987
1048,Daniel Larsen,GB,1930
1049,Zara Silva,FR,1950
1050,Daniel Davidson,FR,1934
1051,Hiro Yamamoto,JP,1961
1052,Hiro Moreno,AR,1997
1053,Elena Chen,US,1939
1054,Maya Gupta,CA,1939
1055,Eero Rossi,IN,1979
1056,Jonas Chen,GB,1934
1057,Quincy Kowalski,IN,1964
1058,Pablo Kowalski,SE,1986
1059,Uma Ferreira,MX,1958
1060,Olga Ferreira,JP,1937
1061,Quincy Hassan,MX,1997
1062,Luca Moreno,SE,1962
1063,Jonas Tanaka,GB,1969
1064,Bianca Yamamoto,FR,1948
1065,Rosa Alvarez,MX,1990
1066,Pablo Ivanov,AR,1921
1067,Daniel Chen,MX,1996
1068,Victor Silva,GB,1963
1069,Alice Chen,GB,1947
1070,Eero Espinoza,KR,1992
1071,Farid Rossi,BR,1948
1072,Rosa Rossi,US,1931
1073,Sven Rossi,SE,1937
1074,Olga Kowalski,NL,1977
1075,Rosa Ivanov,SE,1965
1076,Bianca Nakamura,SE,1938
1077,Victor Wagner,DE,1955
1078,Uma Zhang,NL,1958
1079,Ines Okafor,IN,1929
1080,Dania Nakamura,IT,1923
1081,Rosa Chen,JP,1960
1082,Carla Ivanov,NL,1951
1083,Tara Chen,US,1953
1084,Greta Larsen,DE,1932
1085,Eero Silva,CL,1925
1086,Farid Ivanov,CL,1997
1087,Uma Tanaka,CL,1979
1088,Tara Yamamoto,CL,1986
1089,Maya Xu,SE,1922
1090,Jonas Kowalski,SE,1967
1091,Eero Okafor,AR,1992
1092,Greta Xu,US,1981
1093,Wei Ferreira,CA,1967
1094,Alice Alvarez,,1947
1095,Ben Alvarez,ES,1958
1096,Ines Jensen,SE,1929
1097,Carla Okafor,KR,1928
1098,Farid Espinoza,CA,1928
1099,Ben Ueda,KR,1954
1100,Jonas Moreno,CL,1952
1101,Ben Jensen,AU,1955
1102,Yusuf Alvarez,JP,1967
1103,Yusuf Tanaka,,1997
1104,Alice Petrov,KR,1987
1105,Daniel Wagner,KR,1936
1106,Pablo Yamamoto,GB,1992
1107,Greta Brooks,CL,1998
1108,Carla Wagner,AU,1999
1109,Bianca Nakamura,SE,1954
1110,Victor Quiroga,DE,1936
1111,Sven Ferreira,MX,1986
1112,Kiri Yamamoto,DE,1940
1113,Ben Petrov,MX,1979
1114,Arturo Ivanov,,1998
1115,Maya Larsen,SE,1987
1116,Zara Quiroga,CA,1944
1117,Greta Wagner,IT,1957
1118,Luca Gupta,CL,1953
1119,Dania Wagner,NL,1975
1120,Ben Ueda,,1922
1121,Zara Chen,,1942
1122,Pablo Moreno,IT,1930
1123,Ben Quiroga,KR,1944
1124,Alice Chen,US,1963
1125,Pablo Quiroga,ES,1950
1126,Zara Vargas,CL,1949
1127,Greta Alvarez,KR,1971
1128,Pablo Yamamoto,NL,1985
1129,Xiomara Espinoza,IT,1921
1130,Carla Wagner,NL,1958
1131,Xiomara Xu,SE,1964
1132,Rosa Yamamoto,CA,1965
1133,Sven Hassan,SE,1938
1134,Elena Gupta,FR,1966
1135,Sven Petrov,PL,1985
1136,Zara Ferreira,FR,1950
1137,Jonas Petrov,AU,1991
1138,Rosa Kowalski,FR,1968
1139,Bianca Gupta,PL,1968
1140,Luca Xu,GB,1992
1141,Jonas Tanaka,MX,1957
1142,Rosa Espinoza,JP,1920
1143,Greta Chen,KR,1932
1144,Luca Wagner,AR,1974
1145,Rosa Petrov,US,1924
1146,Kiri Espinoza,ES,1923
1147,Zara Zhang,CL,1962
1148,Carla Jensen,BR,1954
1149,Farid Petrov,,1921
1150,Ben Wagner,PL,1998
1151,Ines Nakamura,AR,1939
1152,Arturo Davidson,AR,1954
1153,Cyrus Moreno,AR,1928
1154,Victor Larsen,BR,1939
1155,Wei Okafor,JP,1936
1156,Luca Ivanov,AR,1989
1157,Elena Nakamura,MX,1980
1158,Jonas Espinoza,FR,1994
1159,Rosa Kowalski,KR,1924
1160,Alice Chen,PL,1960
1161,Hiro Rossi,KR,1952
1162,Ben Wagner,IN,1995
1163,Sven Silva,FR,1956
1164,Zara Vargas,SE,1978
1165,Ben Alvarez,PL,1971
1166,Ines Kowalski,JP,1960
1167,Alice Zhang,GB,1942
1168,Tara Brooks,BR,1993
1169,Eero Jensen,PL,1934
1170,Arturo Vargas,AU,1964
1171,Fatima Ferreira,ES,1932
1172,Ines Ueda,MX,1993
1173,Zara Larsen,MX,1951
1174,Dania Alvarez,AR,1979
1175,Maya Ueda,CL,1929
1176,Farid Moreno,IT,1994
1177,Alice Gupta,US,1965
1178,Maya Espinoza,,1920
1179,Luca Tanaka,KR,1934
1180,Ines Silva,PL,1934
1181,Kiri Okafor,PL,1968
1182,Ben Yamamoto,CL,1939
1183,Uma Hassan,MX,1988
1184,Noah Ueda,JP,1934
1185,Xiomara Xu,NL,1942
1186,Uma Vargas,,1983
1187,Wei Okafor,PL,1933
1188,Xiomara Wagner,DE,1986
1189,Daniel Xu,JP,1970
1190,Hiro Xu,PL,1998
1191,Farid Xu,ES,1945
1192,Elena Silva,PL,1986
1193,Yusuf Nakamura,US,1957
1194,Victor Espinoza,BR,1992
1195,Tara Hassan,FR,1972
1196,Carla Larsen,FR,1960
1197,Wei Rossi,JP,1928
1198,Elena Petrov,NL,1962
1199,Yusuf Okafor,AU,1928
1200,Cyrus Espinoza,PL,1951
1201,Cyrus Hassan,SE,1984
1202,Noah Vargas,CL,1938
1203,Elena Jensen,IN,1956
1204,Cyrus Hassan,NL,1927
1205,Daniel Moreno,CA,1959
1206,Ben Okafor,AR,1968
1207,Kiri Vargas,CL,1977
1208,Quincy Vargas,ES,1988
1209,Arturo Davidson,GB,1924
1210,Ines Chen,IT,1933
1211,Quincy Vargas,AU,1945
1212,Sven Xu,ES,1935
1213,Rosa Ivanov,NL,1921
1214,Alice Yamamoto,SE,1970
1215,Elena Davidson,,1995
1216,Wei Ferreira,NL,1950
1217,Quincy Zhang,MX,1975
1218,Jonas Espinoza,IN,1927
1219,Kiri Espinoza,AR,1985
1220,Kiri Moreno,IT,1923
1221,Arturo Nakamura,GB,1955
1222,Cyrus Jensen,JP,1925
1223,Ines Espinoza,JP,1938
1224,Wei Ivanov,DE,1936
1225,Fatima Yamamoto,US,1942
1226,Hiro Petrov,NL,1953
1227,Fatima Larsen,PL,1926
1228,Victor Tanaka,MX,1951
1229,Yusuf Larsen,JP,1926
1230,Alice Wagner,MX,1972
1231,Ben Wagner,CA,1953
1232,Xiomara Ferreira,CL,1934
1233,Hiro Rossi,CA,1938
1234,Olga Kowalski,IN,1941
1235,Uma Davidson,NL,1951
1236,Luca Vargas,AR,1953
1237,Farid Jensen,FR,1969
1238,Zara Larsen,MX,1982
1239,Fatima Gupta,PL,1953
1240,Jonas Silva,GB,1921
1241,Kiri Ivanov,MX,1982
1242,Jonas Davidson,SE,1926
1243,Eero Xu,AU,1967
1244,Cyrus Kowalski,IT,1966
1245,Hiro Alvarez,,1923
1246,Yusuf Davidson,AU,1994
1247,Cyrus Ferreira,NL,1957
1248,Dania Ivanov,SE,1985
1249,Noah Ueda,GB,1991
1250,Elena Tanaka,IT,1973
1251,Carla Chen,PL,1923
1252,Arturo Hassan,IN,1926
1253,Yusuf Nakamura,PL,1938
1254,Eero Zhang,,1934
1255,Greta Ueda,PL,1930
1256,Ines Zhang,MX,1950
1257,Sven Tanaka,DE,1945
1258,Greta Ferreira,CL,1999
1259,Daniel Davidson,IT,1942
1260,Farid Vargas,SE,1975
1261,Quincy Kowalski,US,1972
1262,Luca Ferreira,JP,1920
1263,Farid Silva,AR,1964
1264,Dania Yamamoto,MX,1997
1265,Kiri Ueda,DE,1949
1266,Eero Gupta,GB,1951
1267,Elena Jensen,IT,1966
1268,Alice Gupta,AR,1952
1269,Kiri Chen,ES,1945
1270,Maya Jensen,SE,1967
1271,Rosa Tanaka,CA,1968
1272,Xiomara Ferreira,PL,1966
1273,Yusuf Quiroga,FR,1984
1274,Rosa Larsen,IN,1949
1275,Pablo Tanaka,MX,1998
1276,Quincy Ueda,AR,1927
1277,Hiro Hassan,PL,1985
1278,Quincy Chen,AU,1930
1279,Daniel Moreno,IT,1920
1280,Kiri Hassan,BR,1996
1281,Bianca Kowalski,AU,1969
1282,Yusuf Hassan,AR,1995
1283,Noah Gupta,BR,1929
1284,Daniel Brooks,IT,1949
1285,Jonas Davidson,CL,1994
1286,Dania Gupta,IN,1987
1287,Zara Brooks,AR,1956
1288,Hiro Quiroga,CA,1957
1289,Xiomara Ivanov,,1944
1290,Fatima Xu,BR,1991
1291,Jonas Vargas,KR,1941
1292,Eero Yamamoto,PL,1991
1293,Elena Ferreira,JP,1931
1294,Olga Ferreira,GB,1989
1295,Alice Petrov,NL,1947
1296,Greta Espinoza,AU,1986
1297,Fatima Rossi,GB,1962
1298,Hiro Silva,IN,1933
1299,Olga Xu,AU,1963
1300,Alice Nakamura,FR,1973
1301,Kiri Tanaka,JP,1988
1302,Zara Rossi,KR,1992
1303,Zara Kowalski,BR,1923
1304,Luca Silva,US,1993
1305,Daniel Yamamoto,ES,1945
1306,Farid Davidson,JP,1991
1307,Carla Brooks,CA,1983
1308,Victor Petrov,KR,1966
1309,Victor Ivanov,JP,1926
1310,Alice Davidson,JP,1996
1311,Victor Tanaka,NL,1973
1312,Eero Chen,FR,1924
1313,Greta Quiroga,BR,1992
1314,Elena Xu,DE,1943
1315,Xiomara Rossi,AU,1952
1316,Farid Ueda,,1951
1317,Wei Ivanov,IT,1984
1318,Alice Ferreira,SE,1943
1319,Uma Alvarez,CA,1940
1320,Kiri Moreno,SE,1992
1321,Daniel Gupta,ES,1989
1322,Zara Ivanov,,1986
1323,Tara Davidson,GB,1961
1324,Pablo Ueda,FR,1986
1325,Hiro Xu,FR,1977
1326,Bianca Okafor,,1961
1327,Quincy Kowalski,CL,1941
1328,Eero Yamamoto,IN,1973
1329,Wei Gupta,FR,1974
1330,Sven Ivanov,CL,1969
1331,Xiomara Chen,FR,1963
1332,Greta Kowalski,CA,1977
1333,Yusuf Yamamoto,DE,1997
1334,Alice Rossi,US,1942
1335,Ines Rossi,AR,1940
1336,Noah Ueda,PL,1956
1337,Sven Brooks,GB,1977
1338,Victor Xu,PL,1976
1339,Cyrus Jensen,IN,1999
1340,Alice Chen,FR,1932
1341,Fatima Ivanov,CL,1980
1342,Bianca Rossi,ES,1981
1343,Elena Kowalski,SE,1966
1344,Victor Nakamura,FR,1999
1345,Rosa Zhang,NL,1987
1346,Hiro Nakamura,CA,1997
1347,Farid Kowalski,MX,1944
1348,Dania Hassan,ES,1998
1349,Fatima Davidson,IT,1929
1350,Olga Moreno,BR,1987
1351,Quincy Xu,CA,1945
1352,Noah Gupta,JP,1988
1353,Quincy Larsen,BR,1939
1354,Hiro Espinoza,JP,1993
1355,Yusuf Ferreira,IN,1998
1356,Dania Petrov,BR,1942
1357,Wei Alvarez,ES,1949
1358,Rosa Jensen,KR,1928
1359,Yusuf Petrov,GB,1987
1360,Olga Davidson,GB,1952
1361,Sven Larsen,US,1981
1362,Noah Brooks,PL,1925
1363,Elena Kowalski,DE,1950
1364,Eero Espinoza,CA,1920
1365,Ben Silva,ES,1962
1366,Alice Xu,DE,1957
1367,Maya Brooks,CL,1975
1368,Kiri Chen,MX,1973
1369,Hiro Yamamoto,PL,1928
1370,Noah Vargas,IT,1961
1371,Greta Espinoza,AR,1930
1372,Victor Quiroga,DE,1990
1373,Jonas Espinoza,AU,1954
1374,Luca Petrov,IT,1997
1375,Kiri Moreno,DE,1974
1376,Hiro Ueda,SE,1979
1377,Arturo Alvarez,AU,1920
1378,Quincy Nakamura,US,1933
1379,Pablo Nakamura,MX,1963
1380,Cyrus Davidson,JP,1961
1381,Luca Nakamura,AR,1939
1382,Wei Ueda,AU,1965
1383,Olga Vargas,CA,1992
1384,Bianca Brooks,BR,1927
1385,Yusuf Alvarez,FR,1982
1386,Olga Chen,BR,1978
1387,Maya Okafor,BR,1981
1388,Daniel Rossi,GB,1929
1389,Hiro Quiroga,NL,1980
1390,Xiomara Vargas,IT,1999
1391,Ben Okafor,CA,1987
1392,Jonas Jensen,NL,1939
1393,Yusuf Hassan,AR,1938
1394,Maya Petrov,US,1940
1395,Sven Moreno,CL,1938
1396,Hiro Espinoza,NL,1947
1397,Ines Ueda,IN,1960
1398,Hiro Gupta,IT,1967
1399,Jonas Silva,FR,1994
1400,Hiro Davidson,FR,1956
1401,Pablo Petrov,SE,1942
1402,Xiomara Quiroga,MX,1930
1403,Carla Tanaka,PL,1949
1404,Daniel Alvarez,IN,1946
1405,Victor Okafor,JP,1954
1406,Ines Tanaka,,1925
1407,Arturo Yamamoto,AU,1998
1408,Bianca Moreno,JP,1946
1409,Daniel Petrov,CA,1994
1410,Noah Ueda,IN,1939
1411,Dania Moreno,CL,1942
1412,Kiri Chen,DE,1968
1413,Quincy Davidson,NL,1951
1414,Quincy Hassan,GB,1981
1415,Noah Petrov,,1995
1416,Xiomara Jensen,SE,1946
1417,Kiri Jensen,JP,1956
1418,Ines Hassan,BR,1941
1419,Elena Petrov,FR,1983
1420,Zara Quiroga,JP,1934
1421,Rosa Tanaka,CA,1947
1422,Ines Rossi,GB,1970
1423,Arturo Vargas,,1941
1424,Fatima Xu,KR,1985
1425,Cyrus Hassan,JP,1942
1426,Alice Hassan,CL,1964
1427,Cyrus Moreno,CL,1946
1428,Bianca Quiroga,NL,1934
1429,Noah Okafor,IN,1951
1430,Wei Hassan,SE,1970
1431,Ines Ueda,DE,1991
1432,Alice Wagner,KR,1932
1433,Wei Zhang,MX,1931
1434,Bianca Vargas,SE,1988
1435,Jonas Davidson,ES,2000
1436,Tara Chen,IT,1994
1437,Eero Silva,ES,1991
1438,Jonas Espinoza,IN,1975
1439,Eero Yamamoto,PL,1993
1440,Daniel Alvarez,FR,1976
1441,Eero Zhang,AU,1933
1442,Jonas Xu,AR,1987
1443,Arturo Chen,SE,1996
1444,Kiri Davidson,SE,1953
1445,Cyrus Wagner,MX,1948
1446,Alice Larsen,ES,1933
1447,Carla Quiroga,DE,1922
1448,Luca Espinoza,FR,1948
1449,Arturo Wagner,FR,1953
1450,Bianca Davidson,IN,1924
1451,Fatima Yamamoto,GB,1986
1452,Arturo Espinoza,ES,1946
1453,Tara Ueda,PL,1921
1454,Olga Petrov,,1947
1455,Greta Davidson,MX,1927
1456,Farid Nakamura,KR,1940
1457,Kiri Okafor,FR,1938
1458,Carla Quiroga,CA,1929
1459,Xiomara Hassan,KR,1950
1460,Ben Okafor,PL,1977
1461,Pablo Quiroga,US,1962
1462,Fatima Gupta,CA,1942
1463,Wei Espinoza,US,1999
1464,Carla Jensen,CL,1954
1465,Xiomara Wagner,IT,1999
1466,Zara Jensen,SE,1983
1467,Maya Gupta,FR,1968
1468,Hiro Jensen,JP,1921
1469,Ben Gupta,,1987
1470,Fatima Tanaka,IN,1931
1471,Dania Alvarez,AR,1969
1472,Sven Gupta,AU,1998
1473,Pablo Quiroga,AU,1956
1474,Eero Jensen,AU,1935
1475,Daniel Xu,MX,1943
1476,Eero Wagner,NL,1982
1477,Xiomara Davidson,FR,1977
1478,Ines Davidson,AU,1944
1479,Daniel Jensen,CA,1985
1480,Maya Ueda,IT,1934
1481,Kiri Brooks,,1961
1482,Wei Yamamoto,CA,1995
1483,Tara Yamamoto,US,1928
1484,Greta Silva,MX,1982
1485,Sven Rossi,FR,1931
1486,Jonas Zhang,IT,1978
1487,Elena Chen,DE,1997
1488,Hiro Brooks,JP,1947
1489,Jonas Kowalski,IN,1964
1490,Luca Larsen,CL,1970
1491,Fatima Hassan,US,1988
1492,Dania Xu,PL,1986
1493,Quincy Ueda,DE,1991
1494,Greta Alvarez,PL,1924
1495,Xiomara Kowalski,AU,1945
1496,Farid Silva,MX,1928
1497,Zara Vargas,NL,1951
1498,Olga Jensen,DE,1922
1499,Daniel Moreno,SE,1921
1500,Greta Chen,PL,1925
1501,Ines Nakamura,AU,1958
1502,Uma Zhang,AU,1926
1503,Greta Kowalski,JP,1956
1504,Luca Brooks,DE,1928
1505,Daniel Hassan,AU,1955
1506,Quincy Okafor,CA,1971
1507,Elena Vargas,SE,1927
1508,Luca Hassan,US,1959
1509,Greta Vargas,US,1951
1510,Noah Ivanov,ES,1936
1511,Wei Chen,KR,1969
1512,Farid Okafor,ES,1971
1513,Victor Zhang,JP,1933
1514,Pablo Chen,MX,1932
1515,Kiri Yamamoto,CL,1943
1516,Yusuf Brooks,JP,1934
1517,Luca Ueda,JP,1967
1518,Eero Nakamura,BR,1950
1519,Maya Okafor,IN,1961
1520,Ines Ueda,KR,1946
1521,Xiomara Larsen,IN,1954
1522,Ines Ivanov,CA,1939
1523,Luca Hassan,BR,1993
1524,Xiomara Tanaka,NL,1983
1525,Victor Silva,,1938
1526,Daniel Wagner,AR,1944
1527,Elena Chen,ES,1945
1528,Xiomara Brooks,AR,1989
1529,Yusuf Moreno,US,1969
1530,Jonas Moreno,AU,1936
1531,Bianca Ferreira,KR,1992
1532,Yusuf Davidson,ES,1961
1533,Yusuf Tanaka,KR,1960
1534,Hiro Brooks,SE,1978
1535,Alice Vargas,GB,1992
1536,Ben Larsen,IN,1996
1537,Quincy Yamamoto,GB,1943
1538,Kiri Jensen,CA,1976
1539,Elena Brooks,MX,1947
1540,Tara Xu,DE,1946
1541,Ines Larsen,DE,1956
1542,Dania Ivanov,MX,1996
1543,Tara Okafor,GB,1931
1544,Greta Silva,GB,1933
1545,Eero Petrov,AR,1928
1546,Fatima Moreno,CL,1941
1547,Cyrus Alvarez,MX,1974
1548,Rosa Jensen,FR,1920
1549,Xiomara Chen,KR,1953
1550,Rosa Gupta,FR,1952
1551,Pablo Nakamura,AU,1925
1552,Bianca Petrov,DE,1970
1553,Arturo Ferreira,AR,1933
1554,Quincy Larsen,IT,1941
1555,Daniel Silva,PL,1958
1556,Fatima Silva,CA,1982
1557,Bianca Yamamoto,IN,1983
1558,Sven Petrov,BR,1942
1559,Noah Wagner,CL,1975
1560,Pablo Vargas,AR,1960
1561,Carla Xu,JP,1942
1562,Ben Nakamura,BR,1996
1563,Sven Jensen,,1922
1564,Kiri Zhang,MX,1966
1565,Kiri Ferreira,US,1956
1566,Wei Vargas,IN,1995
1567,Fatima Moreno,SE,1933
1568,Wei Ueda,KR,1948
1569,Victor Quiroga,AR,1997
1570,Elena Larsen,MX,1961
1571,Victor Gupta,IT,1939
1572,Ines Ferreira,CA,1980
1573,Kiri Hassan,,1996
1574,Jonas Ferreira,PL,1923
1575,Cyrus Larsen,JP,1993
1576,Victor Ueda,KR,1927
1577,Elena Zhang,DE,1966
1578,Olga Quiroga,CA,1923
1579,Uma Okafor,DE,1923
1580,Ines Ferreira,US,1982
1581,Rosa Silva,NL,1963
1582,Wei Hassan,NL,1977
1583,Wei Vargas,IT,1935
1584,Jonas Davidson,AU,1942
1585,Luca Gupta,,1999
1586,Yusuf Ivanov,GB,1936
1587,Greta Ferreira,KR,1991
1588,Rosa Xu,AR,1937
1589,Wei Kowalski,GB,1993
1590,Noah Ferreira,AU,1960
1591,Cyrus Espinoza,ES,1938
1592,Ben Tanaka,US,1931
1593,Noah Hassan,KR,1963
1594,Olga Vargas,JP,1979
1595,Wei Wagner,MX,1997
1596,Greta Quiroga,IN,1955
1597,Xiomara Xu,ES,2000
1598,Greta Quiroga,PL,1922
1599,Luca Nakamura,GB,1968
1600,Maya Hassan,IN,1952
1601,Bianca Xu,IN,1957
1602,Elena Quiroga,CL,1969
1603,Cyrus Brooks,FR,1958
1604,Sven Jensen,MX,1957
1605,Arturo Espinoza,US,1931
1606,Elena Yamamoto,MX,1921
1607,Rosa Moreno,DE,1982
1608,Tara Ueda,CL,1963
1609,Cyrus Brooks,SE,1996
1610,Tara Ivanov,US,1941
1611,Alice Hassan,PL,1982
1612,Jonas Xu,US,1935
1613,Dania Jensen,SE,1939
1614,Farid Hassan,FR,1954
1615,Jonas Gupta,NL,1923
1616,Pablo Ueda,KR,1955
1617,Jonas Yamamoto,IN,1978
1618,Alice Xu,CL,2000
1619,Quincy Nakamura,CL,1960
1620,Greta Moreno,US,1946
1621,Wei Quiroga,FR,1988
1622,Elena Zhang,MX,1938
1623,Victor Gupta,PL,1988
1624,Fatima Hassan,CA,2000
1625,Carla Ueda,ES,1973
1626,Wei Okafor,GB,1962
1627,Zara Ferreira,CA,1987
1628,Fatima Xu,CA,1947
1629,Noah Davidson,NL,1932
1630,Uma Petrov,IN,1931
1631,Bianca Zhang,NL,1960
1632,Fatima Ferreira,SE,1981
1633,Elena Hassan,PL,1962
1634,Arturo Gupta,IT,1974
1635,Olga Moreno,KR,1929
1636,Sven Gupta,IT,1998
1637,Olga Ferreira,SE,1970
1638,Kiri Quiroga,AR,1974
1639,Bianca Brooks,AR,1979
1640,Daniel Ferreira,MX,1966
1641,Yusuf Larsen,DE,1936
1642,Fatima Okafor,US,1973
1643,Uma Gupta,PL,1938
1644,Kiri Nakamura,GB,1929
1645,Bianca Rossi,MX,1953
1646,Eero Tanaka,KR,1987
1647,Alice Davidson,ES,1996
1648,Cyrus Vargas,US,1952
1649,Quincy Vargas,CA,1989
1650,Maya Gupta,AR,1992
1651,Ines Chen,KR,1932
1652,Yusuf Alvarez,JP,1977
1653,Alice Ueda,IT,1974
1654,Bianca Yamamoto,BR,1975
1655,Yusuf Tanaka,IN,1983
1656,Bianca Okafor,IT,1945
1657,Olga Rossi,US,1943
1658,Quincy Davidson,,1964
1659,Jonas Larsen,KR,1990
1660,Quincy Alvarez,KR,1920
1661,Dania Chen,US,1986
1662,Cyrus Brooks,AU,1977
1663,Victor Gupta,NL,1939
1664,Hiro Tanaka,SE,1991
1665,Kiri Rossi,NL,1930
1666,Pablo Silva,KR,1926
1667,Rosa Silva,AU,1998
1668,Greta Vargas,DE,1982
1669,Daniel Gupta,GB,1936
1670,Bianca Brooks,PL,1981
1671,Bianca Brooks,GB,1972
1672,Zara Ferreira,PL,1968
1673,Daniel Xu,MX,1950
1674,Pablo Ferreira,GB,1962
1675,Luca Ueda,GB,1984
1676,Carla Gupta,JP,2000
1677,Yusuf Hassan,AR,1946
1678,Kiri Silva,KR,1961
1679,Hiro Alvarez,ES,1962
1680,Hiro Xu,BR,1976
1681,Hiro Espinoza,PL,1967
1682,Fatima Alvarez,AR,1956
1683,Xiomara Alvarez,,1921
1684,Maya Kowalski,FR,1922
1685,Ines Larsen,BR,1958
1686,Dania Jensen,BR,1992
1687,Alice Kowalski,AU,1955
1688,Daniel Chen,US,1920
1689,Elena Wagner,SE,1985
1690,Olga Ferreira,AU,1936
1691,Olga Yamamoto,KR,2000
1692,Pablo Xu,,1978
1693,Daniel Jensen,NL,1970
1694,Farid Gupta,,1956
1695,Carla Gupta,BR,1977
1696,Ben Ueda,AR,1981
1697,Greta Zhang,GB,1988
1698,Farid Alvarez,SE,1984
1699,Hiro Jensen,GB,1998
1700,Olga Tanaka,,1954
1701,Carla Zhang,PL,1927
1702,Eero Ueda,IT,1968
1703,Tara Kowalski,MX,1950
1704,Uma Davidson,SE,1977
1705,Yusuf Yamamoto,FR,1937
1706,Victor Wagner,MX,1989
1707,Daniel Silva,KR,1949
1708,Alice Brooks,GB,1945
1709,Xiomara Quiroga,NL,1952
1710,Uma Nakamura,SE,1979
1711,Quincy Davidson,MX,1966
1712,Sven Ivanov,PL,1929
1713,Jonas Yamamoto,DE,1988
1714,Arturo Kowalski,DE,1969
1715,Eero Kowalski,JP,1974
1716,Tara Chen,SE,1980
1717,Elena Ferreira,PL,1971
1718,Greta Nakamura,MX,1988
1719,Alice Gupta,IN,1954
1720,Hiro Alvarez,NL,1962
1721,Cyrus Moreno,IT,1995
1722,Cyrus Gupta,KR,1921
1723,Maya Okafor,GB,1977
1724,Olga Espinoza,KR,1928
1725,Alice Chen,BR,1926
1726,Wei Gupta,MX,1975
1727,Xiomara Larsen,AR,1941
1728,Uma Xu,BR,1975
1729,Luca Petrov,FR,1980
1730,Tara Davidson,NL,1942
1731,Victor Okafor,GB,1998
1732,Pablo Wagner,SE,1976
1733,Carla Quiroga,IT,1995
1734,Hiro Xu,FR,1931
1735,Kiri Brooks,IT,1987
1736,Alice Moreno,BR,1986
1737,Farid Moreno,IN,1969
1738,Sven Hassan,MX,1930
1739,Olga Ivanov,ES,1986
1740,Sven Zhang,SE,1935
1741,Farid Larsen,NL,1920
1742,Luca Silva,FR,1986
1743,Carla Brooks,US,1947
1744,Quincy Yamamoto,SE,1950
1745,Cyrus Xu,BR,2000
1746,Alice Gupta,NL,1957
1747,Kiri Silva,,1998
1748,Bianca Vargas,NL,1945
1749,Xiomara Rossi,IT,1954
1750,Farid Gupta,CL,1963
1751,Wei Okafor,,1943
1752,Farid Chen,US,1947
1753,Greta Quiroga,PL,1942
1754,Carla Xu,NL,1920
1755,Farid Espinoza,IN,1944
1756,Pablo Petrov,CA,1924
1757,Uma Ferreira,AU,1977
1758,Yusuf Silva,ES,1972
1759,Zara Tanaka,AU,1989
1760,Kiri Kowalski,AU,1991
1761,Cyrus Vargas,,1956
1762,Ines Petrov,ES,1964
1763,Bianca Wagner,AU,1925
1764,Maya Kowalski,IT,1966
1765,Bianca Xu,DE,1947
1766,Alice Jensen,JP,1953
1767,Wei Ueda,CA,1960
1768,Kiri Ferreira,PL,1935
1769,Luca Ivanov,GB,1947
1770,Fatima Ferreira,PL,1925
1771,Maya Nakamura,US,1944
1772,Yusuf Silva,IN,1950
1773,Zara Wagner,IN,1997
1774,Ines Nakamura,JP,1975
1775,Greta Petrov,ES,1999
1776,Victor Chen,KR,1947
1777,Arturo Okafor,GB,1973
1778,Pablo Tanaka,AR,1930
1779,Kiri Rossi,BR,1949
1780,Ines Quiroga,DE,1939
1781,Kiri Wagner,GB,1964
1782,Hiro Chen,GB,1941
1783,Carla Larsen,US,1979
1784,Kiri Quiroga,IN,1989
1785,Arturo Zhang,KR,1982
1786,Arturo Nakamura,CA,1997
1787,Olga Vargas,IT,1981
1788,Sven Espinoza,CA,1938
1789,Noah Okafor,IN,1930
1790,Kiri Ferreira,CA,1944
1791,Elena Tanaka,GB,1958
1792,Jonas Yamamoto,AR,1943
1793,Quincy Hassan,IN,1939
1794,Uma Kowalski,MX,1956
1795,Quincy Okafor,AR,1937
1796,Hiro Ueda,MX,1990
1797,Hiro Wagner,FR,1980
1798,Kiri Davidson,PL,1977
1799,Xiomara Ueda,PL,1951
1800,Olga Xu,NL,1937
1801,Sven Kowalski,PL,1974
1802,Zara Alvarez,PL,1961
1803,Victor Jensen,FR,1950
1804,Ben Kowalski,IN,1996
1805,Rosa Wagner,SE,1930
1806,Dania Chen,ES,1927
1807,Arturo Jensen,IT,1988
1808,Daniel Petrov,SE,1981
1809,Eero Nakamura,BR,1962
1810,Daniel Espinoza,JP,1926
1811,Ben Alvarez,DE,1969
1812,Farid Larsen,KR,1960
1813,Elena Yamamoto,IT,1972
1814,Uma Xu,BR,1954
1815,Ben Vargas,ES,1971
1816,Yusuf Larsen,NL,1996
1817,Ines Ueda,PL,1923
1818,Ben Wagner,AR,1937
1819,Ines Alvarez,AR,1963
1820,Luca Davidson,SE,1954
1821,Alice Ivanov,US,1972
1822,Pablo Gupta,PL,1966
1823,Arturo Jensen,BR,1996
1824,Carla Petrov,GB,1958
1825,Ines Ferreira,NL,1923
1826,Ben Tanaka,AR,1979
1827,Hiro Gupta,CA,1957
1828,Ines Chen,CA,1966
1829,Maya Moreno,AR,1920
1830,Pablo Davidson,NL,1932
1831,Elena Moreno,,1990
1832,Alice Petrov,ES,1961
1833,Jonas Rossi,PL,1960
1834,Pablo Jensen,MX,1970
1835,Xiomara Brooks,AR,1952
1836,Noah Zhang,GB,1923
1837,Zara Hassan,US,1926
1838,Cyrus Wagner,KR,1966
1839,Sven Ferreira,ES,1986
1840,Sven Moreno,AU,1937
1841,Fatima Yamamoto,SE,1953
1842,Alice Wagner,JP,1993
1843,Maya Kowalski,SE,1970
1844,Daniel Okafor,AU,1996
1845,Alice Gupta,FR,1960
1846,Daniel Brooks,AU,1989
1847,Yusuf Ivanov,AR,1956
1848,Jonas Gupta,AU,1992
1849,Alice Alvarez,US,1965
1850,Dania Petrov,ES,1977
1851,Fatima Brooks,SE,1925
1852,Tara Brooks,FR,1972
1853,Kiri Larsen,BR,1995
1854,Pablo Chen,ES,1970
1855,Yusuf Ferreira,MX,1974
1856,Cyrus Quiroga,GB,1925
1857,Olga Larsen,GB,1952
1858,Pablo Alvarez,KR,1948
1859,Bianca Zhang,CL,1996
1860,Maya Gupta,DE,1977
1861,Bianca Tanaka,NL,1997
1862,Dania Petrov,SE,1999
1863,Greta Okafor,AU,1979
1864,Pablo Ueda,AR,1921
1865,Bianca Rossi,US,1949
1866,Sven Hassan,IT,1963
1867,Noah Nakamura,MX,1967
1868,Olga Tanaka,MX,1993
1869,Ben Xu,BR,1971
1870,Sven Alvarez,US,1996
1871,Uma Kowalski,NL,1937
1872,Kiri Espinoza,IT,1933
1873,Pablo Gupta,GB,1992
1874,Noah Moreno,JP,1953
1875,Pablo Ueda,DE,1982
1876,Tara Ferreira,DE,1981
1877,Xiomara Tanaka,FR,1921
1878,Uma Hassan,GB,1935
1879,Arturo Chen,IN,1925
1880,Maya Ivanov,SE,1932
1881,Ines Nakamura,CA,1995
1882,Farid Yamamoto,JP,1948
1883,Zara Nakamura,GB,1995
1884,Tara Gupta,BR,1938
1885,Tara Gupta,FR,1967
1886,Maya Zhang,AU,1926
1887,Zara Petrov,BR,1962
1888,Uma Ueda,,1953
1889,Dania Chen,,1990
1890,Cyrus Gupta,BR,1951
1891,Greta Ueda,MX,1937
1892,Hiro Zhang,JP,1943
1893,Victor Davidson,CA,1960
1894,Kiri Nakamura,GB,1921
1895,Xiomara Kowalski,ES,1927
1896,Kiri Kowalski,PL,1954
1897,Uma Kowalski,CL,1927
1898,Pablo Rossi,BR,1936
1899,Olga Davidson,AR,1922
1900,Maya Yamamoto,CA,1928
1901,Carla Kowalski,FR,1983
1902,Carla Silva,SE,1925
1903,Kiri Quiroga,DE,1951
1904,Tara Silva,BR,1939
1905,Maya Yamamoto,FR,1970
1906,Farid Alvarez,IT,1933
1907,Rosa Tanaka,KR,1996
1908,Yusuf Ivanov,US,1979
1909,Quincy Ferreira,PL,1988
1910,Noah Petrov,SE,1988
1911,Fatima Alvarez,AR,1991
1912,Ines Hassan,,1978
1913,Bianca Larsen,CA,1958
1914,Arturo Chen,JP,1970
1915,Yusuf Ferreira,CA,1951
1916,Greta Petrov,ES,1944
1917,Dania Alvarez,PL,1920
1918,Ines Zhang,,1997
1919,Wei Xu,ES,1943
1920,Fatima Nakamura,GB,1962
1921,Yusuf Hassan,KR,1980
1922,Eero Nakamura,ES,1968
1923,Dania Tanaka,CA,1921
1924,Bianca Okafor,SE,1926
1925,Dania Wagner,IT,1965
1926,Ines Tanaka,PL,1984
1927,Ben Nakamura,IN,1931
1928,Zara Okafor,DE,1979
1929,Olga Hassan,CA,1996
1930,Tara Zhang,DE,1931
1931,Luca Nakamura,FR,1960
1932,Noah Gupta,ES,1996
1933,Wei Tanaka,KR,1986
1934,Uma Hassan,AR,1936
1935,Yusuf Nakamura,IN,1961
1936,Eero Jensen,IN,1972
1937,Luca Silva,BR,1925
1938,Jonas Hassan,KR,1949
1939,Tara Ueda,ES,1951
1940,Eero Rossi,CL,1997
1941,Greta Nakamura,GB,1947
1942,Bianca Okafor,US,1934
1943,Tara Silva,JP,1922
1944,Arturo Davidson,CA,1966
1945,Bianca Tanaka,US,1922
1946,Quincy Kowalski,JP,1944
1947,Jonas Vargas,ES,1988
1948,Farid Hassan,,1936
1949,Ben Kowalski,NL,1956
1950,Alice Chen,IT,1931
1951,Alice Okafor,CL,1933
1952,Noah Tanaka,GB,1924
1953,Yusuf Ivanov,AR,1952
1954,Wei Quiroga,GB,1954
1955,Daniel Nakamura,AR,1942
1956,Farid Kowalski,DE,1939
1957,Quincy Chen,GB,1957
1958,Noah Tanaka,FR,1981
1959,Maya Ivanov,SE,1976
1960,Ines Rossi,IN,1968
1961,Victor Larsen,GB,1952
1962,Arturo Vargas,IT,1941
1963,Quincy Wagner,CA,2000
1964,Maya Okafor,ES,1963
1965,Eero Larsen,AR,1981
1966,Kiri Espinoza,NL,1985
1967,Tara Ueda,NL,1939
1968,Carla Vargas,NL,1974
1969,Alice Okafor,IT,1954
1970,Zara Gupta,US,1977
1971,Uma Silva,ES,1954
1972,Olga Vargas,AR,1989
1973,Farid Silva,NL,2000
1974,Daniel Zhang,IT,1925
1975,Jonas Kowalski,BR,1974
1976,Ines Yamamoto,NL,1989
1977,Bianca Wagner,US,1933
1978,Wei Brooks,DE,1965
1979,Rosa Ferreira,NL,1970
1980,Kiri Larsen,SE,1949
1981,Maya Ueda,IT,1977
1982,Zara Larsen,MX,1981
1983,Rosa Alvarez,CA,1939
1984,Xiomara Zhang,AR,1943
1985,Kiri Brooks,JP,1921
1986,Sven Vargas,CL,1993
1987,Farid Alvarez,CA,1936
1988,Wei Tanaka,MX,1991
1989,Victor Nakamura,KR,1991
1990,Eero Gupta,US,1936
1991,Alice Chen,CL,1927
1992,Tara Alvarez,AR,1995
1993,Hiro Quiroga,NL,1957
1994,Farid Brooks,NL,1974
1995,Carla Hassan,ES,1970
1996,Quincy Silva,SE,1986
1997,Uma Jensen,GB,1970
1998,Arturo Okafor,BR,1981
1999,Bianca Zhang,FR,1977
2000,Olga Vargas,SE,1970
